Date_UTC,dbn_nez,dbe_nez,dbz_nez
2003-10-29T06:00:00, -7.293, 6.350, -32.016
2003-10-29T06:01:00, -7.961, 3.463, -42.792
2003-10-29T06:02:00, -8.974, 2.784, -46.564
2003-10-29T06:03:00, -5.569, 2.801, -42.334
2003-10-29T06:04:00, -12.296, 3.934, -40.101
2003-10-29T06:05:00, -8.279, 5.856, -38.866
2003-10-29T06:06:00, 4.067, 0.940, -34.621
2003-10-29T06:07:00, 18.316, -4.581, -25.382
2003-10-29T06:08:00, 34.124, -8.499, -14.142
2003-10-29T06:09:00, 44.563, -12.812, -1.900
2003-10-29T06:10:00, 32.568, -18.403, -4.657
2003-10-29T06:11:00, 36.382, -23.763, -12.413
2003-10-29T06:12:00, -160.986, -91.200, -86.169
2003-10-29T06:13:00, -434.881, -115.478, -411.918
2003-10-29T06:14:00, -273.202, -145.738, -522.678
2003-10-29T06:15:00, -480.851, -245.585, -615.434
2003-10-29T06:16:00, -546.688, -245.640, -763.191
2003-10-29T06:17:00, -664.675, -248.039, -810.949
2003-10-29T06:18:00, -653.782, -174.869, -825.708
2003-10-29T06:19:00, -544.429, -108.803, -793.468
2003-10-29T06:20:00, -447.845, -99.534, -744.230
2003-10-29T06:21:00, -384.696, -139.460, -726.987
2003-10-29T06:22:00, -241.751, -99.789, -638.754
2003-10-29T06:23:00, -218.267, -66.288, -573.523
2003-10-29T06:24:00, -137.942, -48.721, -537.294
2003-10-29T06:25:00, 12.827, -47.205, -470.069
2003-10-29T06:26:00, 193.982, -25.954, -332.846
2003-10-29T06:27:00, 242.007, -27.519, -246.628
2003-10-29T06:28:00, 194.198, -50.093, -208.407
2003-10-29T06:29:00, 193.163, -27.706, -191.196
2003-10-29T06:30:00, 211.563, 6.347, -137.994
2003-10-29T06:31:00, 173.580, 24.714, -132.790
2003-10-29T06:32:00, 148.988, 35.685, -157.587
2003-10-29T06:33:00, 116.791, 25.988, -196.384
2003-10-29T06:34:00, 57.694, 17.478, -250.183
2003-10-29T06:35:00, 7.176, 6.246, -319.982
2003-10-29T06:36:00, 4.093, -4.296, -326.777
2003-10-29T06:37:00, -40.029, 1.325, -324.579
2003-10-29T06:38:00, -79.454, 31.682, -343.383
2003-10-29T06:39:00, -16.370, 80.929, -331.189
2003-10-29T06:40:00, 66.355, 106.110, -251.996
2003-10-29T06:41:00, 22.787, 116.796, -276.805
2003-10-29T06:42:00, 8.884, 131.710, -256.616
2003-10-29T06:43:00, 15.445, 131.740, -327.424
2003-10-29T06:44:00, -200.177, 99.434, -398.240
2003-10-29T06:45:00, -405.410, 70.125, -610.062
2003-10-29T06:46:00, -326.316, 126.874, -699.883
2003-10-29T06:47:00, -150.765, 140.437, -629.707
2003-10-29T06:48:00, -582.783, 90.740, -862.534
2003-10-29T06:49:00, -530.179, 120.219, -994.364
2003-10-29T06:50:00, -368.934, 138.315, -991.198
2003-10-29T06:51:00, -253.299, 161.437, -984.030
2003-10-29T06:52:00, -162.950, 161.104, -924.870
2003-10-29T06:53:00, -181.508, 125.025, -896.714
2003-10-29T06:54:00, -286.072, 65.871, -923.562
2003-10-29T06:55:00, -384.058, 10.923, -998.414
2003-10-29T06:56:00, -658.277, -17.499, -1096.270
2003-10-29T06:57:00, -605.285, -59.493, -1195.130
2003-10-29T06:58:00, -828.918, -130.192, -1298.991
2003-10-29T06:59:00, -797.207, -166.488, -1326.860
2003-10-29T07:00:00, -813.415, -191.781, -1221.738
2003-10-29T07:01:00, -876.778, -236.738, -1263.616
2003-10-29T07:02:00, -855.404, -302.282, -1129.499
2003-10-29T07:03:00, -893.984, -312.090, -1090.385
2003-10-29T07:04:00, -990.419, -388.525, -1061.275
2003-10-29T07:05:00, -781.205, -344.750, -901.169
2003-10-29T07:06:00, -612.600, -270.261, -670.063
2003-10-29T07:07:00, -669.500, -195.581, -639.965
2003-10-29T07:08:00, -658.562, -131.929, -563.869
2003-10-29T07:09:00, -1230.562, -63.814, -665.778
2003-10-29T07:10:00, -1506.028, -96.057, -855.690
2003-10-29T07:11:00, -1159.051, -44.584, -725.605
2003-10-29T07:12:00, -1198.334, 79.055, -786.523
2003-10-29T07:13:00, -507.551, 63.432, -641.443
2003-10-29T07:14:00, -1155.230, 28.604, -659.368
2003-10-29T07:15:00, -1281.749, -3.680, -818.300
2003-10-29T07:16:00, -1284.601, 6.633, -738.231
2003-10-29T07:17:00, -1549.748, 89.657, -617.166
2003-10-29T07:18:00, -1378.539, 69.935, -519.103
2003-10-29T07:19:00, -1389.496, 28.264, -487.044
2003-10-29T07:20:00, -1310.306, 72.349, -449.987
2003-10-29T07:21:00, -1220.979, 115.314, -381.931
2003-10-29T07:22:00, -1075.517, 103.754, -287.880
2003-10-29T07:23:00, -944.478, 40.117, -182.832
2003-10-29T07:24:00, -871.566, -28.163, -125.786
2003-10-29T07:25:00, -922.157, -85.595, -111.743
2003-10-29T07:26:00, -803.252, -55.164, -126.703
2003-10-29T07:27:00, -717.018, -61.581, -151.664
2003-10-29T07:28:00, -596.694, -20.063, -123.628
2003-10-29T07:29:00, -586.419, -1.338, -111.594
2003-10-29T07:30:00, -643.014, 5.026, -105.567
2003-10-29T07:31:00, -617.073, 33.467, -91.540
2003-10-29T07:32:00, -573.050, 36.237, -83.516
2003-10-29T07:33:00, -518.776, 51.491, -63.496
2003-10-29T07:34:00, -442.888, 15.825, -27.481
2003-10-29T07:35:00, -422.986, 2.113, -13.468
2003-10-29T07:36:00, -381.668, 16.226, 2.539
2003-10-29T07:37:00, -261.352, 34.654, 30.545
2003-10-29T07:38:00, -239.783, 36.146, 22.546
2003-10-29T07:39:00, -187.852, 37.447, 18.545
2003-10-29T07:40:00, -95.633, 30.164, 30.541
2003-10-29T07:41:00, -85.095, 6.825, 28.534
2003-10-29T07:42:00, -93.853, 5.343, 17.524
2003-10-29T07:43:00, -47.926, 27.426, 16.512
2003-10-29T07:44:00, -25.766, 30.822, -8.502
2003-10-29T07:45:00, -9.281, 32.870, -35.523
2003-10-29T07:46:00, 71.766, 53.254, -22.542
2003-10-29T07:47:00, 182.222, 73.750, 9.436
2003-10-29T07:48:00, 194.051, 90.910, 6.413
2003-10-29T07:49:00, 240.291, 133.872, -11.610
2003-10-29T07:50:00, 202.593, 120.581, -65.636
2003-10-29T07:51:00, 192.233, 97.565, -88.664
2003-10-29T07:52:00, 167.689, 92.688, -97.693
2003-10-29T07:53:00, 131.542, 81.001, -122.723
2003-10-29T07:54:00, 81.069, 53.924, -151.754
2003-10-29T07:55:00, 65.705, 48.232, -164.785
2003-10-29T07:56:00, 40.853, 42.402, -184.818
2003-10-29T07:57:00, 64.730, 34.754, -202.851
2003-10-29T07:58:00, 73.585, 16.131, -227.885
2003-10-29T07:59:00, 124.919, 12.362, -247.922
2003-10-29T08:00:00, 167.112, 6.245, -269.956
2003-10-29T08:01:00, 218.000, 11.008, -298.991
2003-10-29T08:02:00, 252.281, -16.729, -313.028
2003-10-29T08:03:00, 252.477, -49.392, -320.069
2003-10-29T08:04:00, 255.022, -48.180, -306.111
2003-10-29T08:05:00, 250.754, -35.367, -303.155
2003-10-29T08:06:00, 245.579, -25.416, -306.203
2003-10-29T08:07:00, 238.236, -18.973, -301.252
2003-10-29T08:08:00, 211.665, -16.922, -297.302
2003-10-29T08:09:00, 172.885, -23.589, -316.354
2003-10-29T08:10:00, 151.727, -24.306, -336.408
2003-10-29T08:11:00, 133.867, -34.462, -348.463
2003-10-29T08:12:00, 131.697, -57.989, -342.519
2003-10-29T08:13:00, 86.488, -101.438, -346.578
2003-10-29T08:14:00, 76.155, -107.689, -342.640
2003-10-29T08:15:00, 91.491, -95.856, -326.700
2003-10-29T08:16:00, 45.164, -106.428, -328.760
2003-10-29T08:17:00, 16.276, -98.402, -343.820
2003-10-29T08:18:00, 16.796, -90.263, -351.881
2003-10-29T08:19:00, -29.258, -119.806, -373.943
2003-10-29T08:20:00, 6.551, -102.929, -355.004
2003-10-29T08:21:00, -8.741, -95.023, -345.068
2003-10-29T08:22:00, -42.127, -104.456, -336.130
2003-10-29T08:23:00, -64.306, -101.708, -328.191
2003-10-29T08:24:00, -91.509, -101.563, -312.252
2003-10-29T08:25:00, -147.939, -114.178, -305.313
2003-10-29T08:26:00, -155.148, -97.295, -297.373
2003-10-29T08:27:00, -162.128, -96.221, -288.433
2003-10-29T08:28:00, -194.430, -115.443, -289.493
2003-10-29T08:29:00, -207.992, -118.577, -301.554
2003-10-29T08:30:00, -192.657, -129.827, -294.611
2003-10-29T08:31:00, -210.500, -143.143, -295.667
2003-10-29T08:32:00, -209.907, -141.325, -297.724
2003-10-29T08:33:00, -233.171, -151.873, -296.781
2003-10-29T08:34:00, -240.505, -105.579, -273.838
2003-10-29T08:35:00, -282.838, -110.079, -226.896
2003-10-29T08:36:00, -293.807, -118.237, -132.955
2003-10-29T08:37:00, -366.229, -141.521, -26.013
2003-10-29T08:38:00, -347.860, -123.315, 77.928
2003-10-29T08:39:00, -343.542, -182.480, 159.869
2003-10-29T08:40:00, -433.153, -220.246, 262.811
2003-10-29T08:41:00, -516.353, -307.255, 361.752
2003-10-29T08:42:00, -601.647, -381.010, 410.693
2003-10-29T08:43:00, -935.096, -549.155, 463.629
2003-10-29T08:44:00, -1291.160, -662.914, 488.570
2003-10-29T08:45:00, -1042.931, -445.904, 561.512
2003-10-29T08:46:00, -845.254, -470.939, 615.453
2003-10-29T08:47:00, -831.774, -421.808, 635.395
2003-10-29T08:48:00, -837.949, -434.635, 680.336
2003-10-29T08:49:00, -763.427, -451.027, 689.278
2003-10-29T08:50:00, -852.394, -447.034, 658.221
2003-10-29T08:51:00, -1022.144, -347.128, 689.161
2003-10-29T08:52:00, -1098.238, -401.771, 749.104
2003-10-29T08:53:00, -1277.931, -422.502, 741.047
2003-10-29T08:54:00, -1174.079, -498.554, 653.991
2003-10-29T08:55:00, -1179.866, -711.881, 665.934
2003-10-29T08:56:00, -1113.523, -644.896, 691.879
2003-10-29T08:57:00, -917.680, -371.401, 522.824
2003-10-29T08:58:00, -1049.937, -500.550, 393.763
2003-10-29T08:59:00, -856.452, -499.071, 446.709
2003-10-29T09:00:00, -722.917, -398.845, 458.656
2003-10-29T09:01:00, -758.518, -454.788, 374.603
2003-10-29T09:02:00, -800.644, -432.077, 324.549
2003-10-29T09:03:00, -846.088, -333.828, 297.497
2003-10-29T09:04:00, -783.689, -322.242, 278.444
2003-10-29T09:05:00, -698.041, -300.196, 292.391
2003-10-29T09:06:00, -646.814, -346.966, 274.337
2003-10-29T09:07:00, -666.691, -267.317, 196.285
2003-10-29T09:08:00, -643.209, -189.882, 157.233
2003-10-29T09:09:00, -681.306, -227.199, 144.181
2003-10-29T09:10:00, -705.456, -266.842, 118.130
2003-10-29T09:11:00, -795.233, -252.096, 45.078
2003-10-29T09:12:00, -860.654, -302.777, 17.024
2003-10-29T09:13:00, -876.058, -291.691, 21.971
2003-10-29T09:14:00, -783.148, -312.863, 39.921
2003-10-29T09:15:00, -790.015, -258.321, 14.871
2003-10-29T09:16:00, -965.199, -307.754, -45.178
2003-10-29T09:17:00, -951.569, -314.267, -69.227
2003-10-29T09:18:00, -724.209, -338.220, 5.723
2003-10-29T09:19:00, -810.547, -299.383, 62.675
2003-10-29T09:20:00, -915.663, -382.580, -4.373
2003-10-29T09:21:00, -768.599, -322.313, -33.422
2003-10-29T09:22:00, -642.739, -282.593, 25.530
2003-10-29T09:23:00, -732.435, -317.176, 44.483
2003-10-29T09:24:00, -699.972, -313.921, 38.437
2003-10-29T09:25:00, -672.671, -303.784, 2.391
2003-10-29T09:26:00, -638.441, -291.648, -50.653
2003-10-29T09:27:00, -611.140, -281.509, -84.702
2003-10-29T09:28:00, -634.732, -273.063, -129.748
2003-10-29T09:29:00, -699.409, -288.300, -174.791
2003-10-29T09:30:00, -813.824, -189.143, -192.834
2003-10-29T09:31:00, -691.034, -155.786, -206.877
2003-10-29T09:32:00, -645.344, -170.360, -194.920
2003-10-29T09:33:00, -831.810, -53.593, -175.962
2003-10-29T09:34:00, -825.204, -55.769, -128.004
2003-10-29T09:35:00, -877.790, -32.876, -105.046
2003-10-29T09:36:00, -771.861, 6.876, -27.088
2003-10-29T09:37:00, -737.578, -93.251, -85.129
2003-10-29T09:38:00, -917.991, -66.527, -4.170
2003-10-29T09:39:00, -951.818, -50.631, 21.789
2003-10-29T09:40:00, -817.343, -59.795, -10.250
2003-10-29T09:41:00, -748.670, -111.030, -23.293
2003-10-29T09:42:00, -740.347, -101.159, 13.667
2003-10-29T09:43:00, -828.881, -85.744, 12.627
2003-10-29T09:44:00, -796.522, -119.165, 5.589
2003-10-29T09:45:00, -788.526, -130.169, 8.552
2003-10-29T09:46:00, -772.228, -124.923, 37.515
2003-10-29T09:47:00, -810.772, -110.671, 45.478
2003-10-29T09:48:00, -758.832, -98.894, 41.442
2003-10-29T09:49:00, -751.089, -114.010, 56.407
2003-10-29T09:50:00, -783.033, -118.636, 84.372
2003-10-29T09:51:00, -799.613, -157.511, 112.337
2003-10-29T09:52:00, -744.578, -162.447, 159.304
2003-10-29T09:53:00, -815.190, -226.142, 187.271
2003-10-29T09:54:00, -832.830, -235.300, 236.239
2003-10-29T09:55:00, -711.713, -217.131, 229.208
2003-10-29T09:56:00, -719.236, -204.317, 223.173
2003-10-29T09:57:00, -662.473, -197.206, 246.143
2003-10-29T09:58:00, -759.657, -281.843, 229.113
2003-10-29T09:59:00, -795.653, -246.354, 265.085
2003-10-29T10:00:00, -641.444, -219.792, 191.057
2003-10-29T10:01:00, -446.570, -184.096, 142.030
2003-10-29T10:02:00, -615.441, -210.315, 221.003
2003-10-29T10:03:00, -667.085, -207.627, 253.976
2003-10-29T10:04:00, -606.368, -254.216, 230.950
2003-10-29T10:05:00, -682.636, -276.237, 272.924
2003-10-29T10:06:00, -673.200, -233.122, 283.898
2003-10-29T10:07:00, -614.242, -202.567, 270.872
2003-10-29T10:08:00, -617.476, -179.560, 276.848
2003-10-29T10:09:00, -500.375, -210.458, 244.824
2003-10-29T10:10:00, -539.118, -246.475, 259.796
2003-10-29T10:11:00, -623.212, -230.337, 344.773
2003-10-29T10:12:00, -607.194, -226.021, 286.751
2003-10-29T10:13:00, -502.776, -167.916, 244.729
2003-10-29T10:14:00, -607.867, -208.061, 242.708
2003-10-29T10:15:00, -580.874, -218.763, 253.688
2003-10-29T10:16:00, -577.377, -158.015, 244.669
2003-10-29T10:17:00, -546.615, -166.763, 228.651
2003-10-29T10:18:00, -534.568, -171.671, 244.633
2003-10-29T10:19:00, -624.787, -125.255, 278.617
2003-10-29T10:20:00, -813.559, -65.411, 260.601
2003-10-29T10:21:00, -936.759, -142.817, 175.587
2003-10-29T10:22:00, -914.881, -235.816, 196.574
2003-10-29T10:23:00, -1184.622, -153.431, 283.562
2003-10-29T10:24:00, -1319.285, -95.008, 404.547
2003-10-29T10:25:00, -1088.466, -71.735, 447.537
2003-10-29T10:26:00, -628.163, -148.530, 406.529
2003-10-29T10:27:00, -711.593, -219.657, 423.522
2003-10-29T10:28:00, -924.985, -270.541, 442.516
2003-10-29T10:29:00, -1046.646, -257.150, 432.512
2003-10-29T10:30:00, -1042.058, -226.102, 404.510
2003-10-29T10:31:00, -1038.821, -232.393, 374.508
2003-10-29T10:32:00, -1035.742, -206.110, 348.508
2003-10-29T10:33:00, -979.620, -303.660, 245.509
2003-10-29T10:34:00, -922.963, -220.931, 188.510
2003-10-29T10:35:00, -866.212, -144.526, 203.513
2003-10-29T10:36:00, -858.360, -119.752, 214.517
2003-10-29T10:37:00, -848.026, -156.611, 238.521
2003-10-29T10:38:00, -810.294, -120.330, 274.527
2003-10-29T10:39:00, -825.473, -55.723, 268.530
2003-10-29T10:40:00, -797.438, -69.867, 230.538
2003-10-29T10:41:00, -739.602, -132.279, 252.547
2003-10-29T10:42:00, -755.217, -59.137, 341.557
2003-10-29T10:43:00, -817.054, -25.885, 343.569
2003-10-29T10:44:00, -885.014, -71.470, 330.581
2003-10-29T10:45:00, -862.495, -10.420, 353.594
2003-10-29T10:46:00, -948.415, 26.277, 327.609
2003-10-29T10:47:00, -809.585, 27.355, 329.624
2003-10-29T10:48:00, -811.128, 68.764, 371.641
2003-10-29T10:49:00, -653.229, 63.797, 484.658
2003-10-29T10:50:00, -645.734, 27.856, 503.677
2003-10-29T10:51:00, -603.287, 45.874, 508.698
2003-10-29T10:52:00, -483.552, 99.177, 571.719
2003-10-29T10:53:00, -473.526, -1.558, 484.737
2003-10-29T10:54:00, -436.896, -61.422, 464.761
2003-10-29T10:55:00, -457.061, 86.617, 515.785
2003-10-29T10:56:00, -492.246, 28.553, 407.811
2003-10-29T10:57:00, -360.308, 4.553, 393.838
2003-10-29T10:58:00, -366.785, 60.130, 395.867
2003-10-29T10:59:00, -256.865, 6.399, 423.896
2003-10-29T11:00:00, -161.680, -34.263, 446.926
2003-10-29T11:01:00, -226.812, 31.530, 466.958
2003-10-29T11:02:00, -114.922, 60.057, 481.992
2003-10-29T11:03:00, -305.722, 47.168, 481.026
2003-10-29T11:04:00, -263.678, 7.632, 447.063
2003-10-29T11:05:00, -215.882, 29.220, 456.100
2003-10-29T11:06:00, -328.626, 20.952, 460.140
2003-10-29T11:07:00, -237.005, 8.708, 443.177
2003-10-29T11:08:00, -239.790, 72.573, 484.218
2003-10-29T11:09:00, -228.282, 88.890, 450.261
2003-10-29T11:10:00, -219.517, 76.705, 432.305
2003-10-29T11:11:00, -182.110, 52.288, 426.350
2003-10-29T11:12:00, -132.253, 106.804, 438.396
2003-10-29T11:13:00, -176.052, 77.726, 399.445
2003-10-29T11:14:00, -208.110, 45.972, 355.493
2003-10-29T11:15:00, -112.107, 37.594, 407.542
2003-10-29T11:16:00, -178.847, 42.023, 411.592
2003-10-29T11:17:00, -249.747, 49.870, 404.643
2003-10-29T11:18:00, -296.329, 38.464, 369.695
2003-10-29T11:19:00, -254.561, 40.998, 360.748
2003-10-29T11:20:00, -263.920, 14.640, 354.801
2003-10-29T11:21:00, -283.897, 44.106, 332.852
2003-10-29T11:22:00, -312.177, 57.321, 319.907
2003-10-29T11:23:00, -278.491, 93.895, 302.962
2003-10-29T11:24:00, -327.165, 52.732, 300.018
2003-10-29T11:25:00, -444.284, 20.692, 267.074
2003-10-29T11:26:00, -338.810, -7.467, 234.130
2003-10-29T11:27:00, -331.280, 22.716, 238.187
2003-10-29T11:28:00, -70.228, 104.671, 249.247
2003-10-29T11:29:00, -258.327, 60.526, 190.304
2003-10-29T11:30:00, -269.056, 19.918, 171.362
2003-10-29T11:31:00, -268.267, 35.456, 191.421
2003-10-29T11:32:00, -295.515, 65.135, 224.481
2003-10-29T11:33:00, -161.573, 80.404, 260.543
2003-10-29T11:34:00, -176.917, 74.836, 255.606
2003-10-29T11:35:00, -193.212, 69.572, 238.670
2003-10-29T11:36:00, -206.195, 140.893, 232.733
2003-10-29T11:37:00, -260.523, 141.400, 217.799
2003-10-29T11:38:00, -369.977, 126.872, 179.866
2003-10-29T11:39:00, -384.552, 90.641, 145.934
2003-10-29T11:40:00, -387.333, 91.586, 132.002
2003-10-29T11:41:00, -350.734, 38.076, 136.071
2003-10-29T11:42:00, -248.802, 15.248, 190.141
2003-10-29T11:43:00, -175.297, 11.931, 236.214
2003-10-29T11:44:00, -169.450, 6.993, 247.284
2003-10-29T11:45:00, -203.034, 16.662, 227.355
2003-10-29T11:46:00, -197.602, 40.182, 217.427
2003-10-29T11:47:00, -201.121, 48.708, 242.499
2003-10-29T11:48:00, -166.094, 59.693, 286.570
2003-10-29T11:49:00, -186.497, 54.689, 310.642
2003-10-29T11:50:00, -205.570, 67.099, 330.710
2003-10-29T11:51:00, -263.402, 69.772, 352.784
2003-10-29T11:52:00, -320.538, 68.027, 360.855
2003-10-29T11:53:00, -343.334, 75.321, 369.926
2003-10-29T11:54:00, -391.007, 96.801, 362.997
2003-10-29T11:55:00, -394.991, 136.943, 367.068
2003-10-29T11:56:00, -346.946, 165.827, 402.138
2003-10-29T11:57:00, -386.371, 163.706, 381.207
2003-10-29T11:58:00, -362.857, 161.554, 364.278
2003-10-29T11:59:00, -336.052, 106.949, 404.345
2003-10-29T12:00:00, -306.312, 111.210, 437.413
2003-10-29T12:01:00, -276.151, 130.026, 394.479
2003-10-29T12:02:00, -378.455, 58.673, 393.547
2003-10-29T12:03:00, -415.397, 37.926, 437.614
2003-10-29T12:04:00, -402.441, 65.348, 420.679
2003-10-29T12:05:00, -424.828, 44.181, 405.747
2003-10-29T12:06:00, -448.419, 62.216, 444.817
2003-10-29T12:07:00, -321.745, 120.709, 508.886
2003-10-29T12:08:00, -448.209, -6.973, 442.954
2003-10-29T12:09:00, -469.035, 16.476, 450.023
2003-10-29T12:10:00, -483.886, 42.226, 471.092
2003-10-29T12:11:00, -466.419, 64.021, 421.160
2003-10-29T12:12:00, -494.969, 53.201, 355.228
2003-10-29T12:13:00, -505.616, 29.360, 355.298
2003-10-29T12:14:00, -530.164, 47.695, 399.366
2003-10-29T12:15:00, -591.799, 28.484, 388.434
2003-10-29T12:16:00, -583.201, -14.053, 350.501
2003-10-29T12:17:00, -483.594, 35.185, 362.567
2003-10-29T12:18:00, -491.085, 11.387, 340.629
2003-10-29T12:19:00, -523.825, -15.943, 296.695
2003-10-29T12:20:00, -532.148, 17.171, 298.760
2003-10-29T12:21:00, -503.525, 54.304, 279.825
2003-10-29T12:22:00, -486.794, 17.571, 250.889
2003-10-29T12:23:00, -400.190, 68.830, 276.951
2003-10-29T12:24:00, -511.492, 71.658, 266.013
2003-10-29T12:25:00, -516.684, 84.889, 261.074
2003-10-29T12:26:00, -397.007, 58.509, 303.133
2003-10-29T12:27:00, -490.183, 32.502, 323.192
2003-10-29T12:28:00, -549.529, 7.305, 274.251
2003-10-29T12:29:00, -327.431, 92.158, 340.307
2003-10-29T12:30:00, -315.288, 87.291, 316.362
2003-10-29T12:31:00, -332.520, -6.874, 221.416
2003-10-29T12:32:00, -294.940, 22.151, 310.470
2003-10-29T12:33:00, -357.579, 135.422, 355.519
2003-10-29T12:34:00, -371.392, 88.427, 265.571
2003-10-29T12:35:00, -323.780, 36.635, 222.623
2003-10-29T12:36:00, -296.358, 89.863, 275.675
2003-10-29T12:37:00, -304.496, 87.225, 281.725
2003-10-29T12:38:00, -243.348, 104.573, 261.775
2003-10-29T12:39:00, -226.986, 70.032, 253.824
2003-10-29T12:40:00, -287.751, 162.768, 271.872
2003-10-29T12:41:00, -265.626, 123.249, 187.919
2003-10-29T12:42:00, -189.765, 150.612, 159.966
2003-10-29T12:43:00, -135.231, 100.812, 120.013
2003-10-29T12:44:00, -201.678, 149.184, 164.059
2003-10-29T12:45:00, -227.627, 196.248, 224.103
2003-10-29T12:46:00, -285.570, 225.134, 176.147
2003-10-29T12:47:00, -174.296, 122.708, -5.813
2003-10-29T12:48:00, -75.614, 102.958, 56.228
2003-10-29T12:49:00, -215.974, 166.376, 151.270
2003-10-29T12:50:00, -274.945, 178.796, 63.310
2003-10-29T12:51:00, 158.520, 103.204, 105.352
2003-10-29T12:52:00, 12.755, 103.286, 147.391
2003-10-29T12:53:00, -141.128, 74.469, 105.429
2003-10-29T12:54:00, -332.899, 127.957, 166.466
2003-10-29T12:55:00, -390.532, 91.685, 32.503
2003-10-29T12:56:00, -373.479, 138.730, 115.539
2003-10-29T12:57:00, -467.350, 180.043, 40.574
2003-10-29T12:58:00, -439.408, 109.277, 7.609
2003-10-29T12:59:00, -333.916, 163.931, 115.642
2003-10-29T13:00:00, -318.876, 131.874, 96.675
2003-10-29T13:01:00, -283.081, 42.875, 48.702
2003-10-29T13:02:00, -429.031, 141.612, 85.733
2003-10-29T13:03:00, -357.126, 113.543, 66.762
2003-10-29T13:04:00, -421.551, 151.796, 84.791
2003-10-29T13:05:00, -432.258, 84.884, 29.818
2003-10-29T13:06:00, -461.094, 89.813, 2.846
2003-10-29T13:07:00, -434.603, 226.165, 34.871
2003-10-29T13:08:00, -136.574, 67.609, 55.896
2003-10-29T13:09:00, -393.897, 169.140, 47.920
2003-10-29T13:10:00, -429.415, 133.169, 88.944
2003-10-29T13:11:00, -508.888, 183.528, 41.966
2003-10-29T13:12:00, -84.778, 32.182, 57.988
2003-10-29T13:13:00, -441.704, 153.759, 105.009
2003-10-29T13:14:00, -525.679, 100.630, 18.030
2003-10-29T13:15:00, -529.899, 130.259, -1.954
2003-10-29T13:16:00, -662.016, 146.951, -0.935
2003-10-29T13:17:00, -505.106, 79.306, -118.917
2003-10-29T13:18:00, -732.924, 260.637, 6.100
2003-10-29T13:19:00, -242.744, 89.373, -5.882
2003-10-29T13:20:00, -502.627, 235.761, 113.133
2003-10-29T13:21:00, -555.110, 126.470, -71.849
2003-10-29T13:22:00, -480.775, 125.926, 61.165
2003-10-29T13:23:00, -703.838, 219.715, 148.180
2003-10-29T13:24:00, -307.165, 84.399, 31.194
2003-10-29T13:25:00, -507.582, 186.738, 39.208
2003-10-29T13:26:00, -655.925, 231.644, -41.778
2003-10-29T13:27:00, -655.192, 290.108, 25.234
2003-10-29T13:28:00, -477.639, 194.918, 52.247
2003-10-29T13:29:00, -270.353, 77.706, 146.259
2003-10-29T13:30:00, -594.494, 249.708, 291.267
2003-10-29T13:31:00, -206.218, 61.444, 120.279
2003-10-29T13:32:00, -425.196, 287.161, 225.289
2003-10-29T13:33:00, -293.875, 109.060, 176.299
2003-10-29T13:34:00, -416.777, 230.860, 191.307
2003-10-29T13:35:00, -170.372, 55.068, 131.316
2003-10-29T13:36:00, -413.961, 189.966, 222.323
2003-10-29T13:37:00, -443.259, 117.361, 176.330
2003-10-29T13:38:00, -465.867, 214.684, 158.336
2003-10-29T13:39:00, -456.219, 182.177, 215.341
2003-10-29T13:40:00, -564.953, 199.808, 233.346
2003-10-29T13:41:00, -494.128, 244.409, 105.350
2003-10-29T13:42:00, -237.444, 101.015, 113.354
2003-10-29T13:43:00, -574.101, 263.325, 201.357
2003-10-29T13:44:00, -616.440, 238.908, 104.356
2003-10-29T13:45:00, -320.265, 206.778, 92.359
2003-10-29T13:46:00, -415.357, 178.111, 107.360
2003-10-29T13:47:00, -409.348, 243.265, 214.362
2003-10-29T13:48:00, -368.368, 144.157, 133.363
2003-10-29T13:49:00, -355.569, 220.795, 131.364
2003-10-29T13:50:00, -489.316, 262.086, 168.365
2003-10-29T13:51:00, -409.177, 210.350, 63.365
2003-10-29T13:52:00, -318.966, 183.749, 95.366
2003-10-29T13:53:00, -560.617, 185.829, 118.366
2003-10-29T13:54:00, -407.976, 193.977, 58.366
2003-10-29T13:55:00, -364.978, 216.970, 100.365
2003-10-29T13:56:00, -407.588, 211.515, 94.365
2003-10-29T13:57:00, -427.686, 224.099, 15.365
2003-10-29T13:58:00, -559.946, 207.213, -47.638
2003-10-29T13:59:00, -549.912, 235.417, -74.639
2003-10-29T14:00:00, -506.186, 273.916, -94.639
2003-10-29T14:01:00, -402.700, 183.302, -54.639
2003-10-29T14:02:00, -194.275, 205.226, -23.640
2003-10-29T14:03:00, -202.083, 134.175, -111.641
2003-10-29T14:04:00, -447.902, 205.763, -45.643
2003-10-29T14:05:00, -429.435, 154.701, -53.644
2003-10-29T14:06:00, -380.588, 232.481, -58.646
2003-10-29T14:07:00, -190.863, 192.138, -32.649
2003-10-29T14:08:00, -320.231, 194.261, -50.651
2003-10-29T14:09:00, -312.802, 184.464, -28.654
2003-10-29T14:10:00, -270.122, 186.566, -11.657
2003-10-29T14:11:00, -245.164, 146.029, -33.660
2003-10-29T14:12:00, -175.093, 178.258, -16.664
2003-10-29T14:13:00, -182.959, 176.455, 2.327
2003-10-29T14:14:00, -238.672, 159.408, -29.675
2003-10-29T14:15:00, -196.688, 165.924, -32.680
2003-10-29T14:16:00, -113.064, 158.184, 5.315
2003-10-29T14:17:00, -119.506, 167.472, 14.311
2003-10-29T14:18:00, -120.509, 150.906, 21.306
2003-10-29T14:19:00, -10.240, 137.861, 78.301
2003-10-29T14:20:00, -160.201, 121.336, 69.296
2003-10-29T14:21:00, -241.317, 133.327, 6.291
2003-10-29T14:22:00, -501.755, 145.551, -65.713
2003-10-29T14:23:00, -422.778, 109.912, -128.718
2003-10-29T14:24:00, -383.737, 123.661, -136.724
2003-10-29T14:25:00, -453.763, 91.226, -224.729
2003-10-29T14:26:00, -547.689, 49.587, -301.734
2003-10-29T14:27:00, -293.360, 199.624, -243.744
2003-10-29T14:28:00, -35.308, 159.640, -94.750
2003-10-29T14:29:00, -105.304, 147.133, 43.244
2003-10-29T14:30:00, -129.682, 129.599, 10.238
2003-10-29T14:31:00, -172.939, 105.466, -2.766
2003-10-29T14:32:00, -229.048, 116.881, 1.227
2003-10-29T14:33:00, -271.068, 116.483, -7.778
2003-10-29T14:34:00, -285.024, 121.871, 15.215
2003-10-29T14:35:00, -166.128, 169.045, 28.209
2003-10-29T14:36:00, -89.111, 117.248, 32.202
2003-10-29T14:37:00, -248.119, 115.142, 29.196
2003-10-29T14:38:00, -253.775, 93.768, 11.190
2003-10-29T14:39:00, -267.495, 83.345, 9.183
2003-10-29T14:40:00, -292.418, 103.752, -7.823
2003-10-29T14:41:00, -333.923, 68.572, -40.834
2003-10-29T14:42:00, -371.420, 105.558, -67.841
2003-10-29T14:43:00, -280.043, 132.088, -55.848
2003-10-29T14:44:00, -225.077, 139.746, -31.855
2003-10-29T14:45:00, -175.482, 147.011, -7.862
2003-10-29T14:46:00, -44.274, 196.581, 39.129
2003-10-29T14:47:00, -54.347, 88.489, 98.122
2003-10-29T14:48:00, -278.023, 97.462, 27.114
2003-10-29T14:49:00, -380.159, 13.330, -95.893
2003-10-29T14:50:00, -423.622, 48.021, -118.901
2003-10-29T14:51:00, -307.592, 76.182, -97.909
2003-10-29T14:52:00, -406.792, 7.909, -107.917
2003-10-29T14:53:00, -416.854, 137.970, -159.926
2003-10-29T14:54:00, -103.206, 104.503, -32.934
2003-10-29T14:55:00, -238.370, 51.840, 33.056
2003-10-29T14:56:00, -608.088, 56.794, -239.955
2003-10-29T14:57:00, -324.432, -1.773, -133.964
2003-10-29T14:58:00, -357.511, 59.011, -100.974
2003-10-29T14:59:00, -446.202, 116.460, -146.983
2003-10-29T15:00:00, -372.035, 131.693, -137.992
2003-10-29T15:01:00, -431.031, 213.297, -142.001
2003-10-29T15:02:00, -267.072, 230.475, -73.010
2003-10-29T15:03:00, -301.058, 245.397, -52.020
2003-10-29T15:04:00, -359.524, 269.135, -94.029
2003-10-29T15:05:00, -277.587, 272.467, -103.038
2003-10-29T15:06:00, -290.674, 220.963, -66.047
2003-10-29T15:07:00, -320.218, 213.499, -89.056
2003-10-29T15:08:00, -359.990, 213.477, -133.065
2003-10-29T15:09:00, -274.609, 197.888, -129.074
2003-10-29T15:10:00, -223.050, 224.501, -88.088
2003-10-29T15:11:00, -214.857, 210.317, -76.097
2003-10-29T15:12:00, -209.264, 201.157, -65.107
2003-10-29T15:13:00, -225.426, 209.390, -86.117
2003-10-29T15:14:00, -185.287, 173.538, -89.127
2003-10-29T15:15:00, -270.597, 152.303, -136.137
2003-10-29T15:16:00, -321.289, 121.138, -214.147
2003-10-29T15:17:00, -325.289, 141.257, -240.158
2003-10-29T15:18:00, -327.498, 147.172, -274.169
2003-10-29T15:19:00, -206.581, 124.525, -238.180
2003-10-29T15:20:00, -61.036, 126.590, -152.192
2003-10-29T15:21:00, -16.902, 142.989, -82.204
2003-10-29T15:22:00, -212.436, 68.607, -129.217
2003-10-29T15:23:00, -395.361, 40.585, -225.230
2003-10-29T15:24:00, -299.957, 76.399, -268.243
2003-10-29T15:25:00, -102.529, 142.800, -111.261
2003-10-29T15:26:00, -24.079, 105.314, -61.275
2003-10-29T15:27:00, -29.346, 104.877, -35.290
2003-10-29T15:28:00, -209.749, 78.166, -83.305
2003-10-29T15:29:00, -192.827, 117.906, -130.321
2003-10-29T15:30:00, -162.565, 110.405, -100.338
2003-10-29T15:31:00, -183.746, 139.157, -120.355
2003-10-29T15:32:00, -219.020, 136.711, -152.372
2003-10-29T15:33:00, -230.487, 106.783, -168.389
2003-10-29T15:34:00, -247.686, 144.771, -169.407
2003-10-29T15:35:00, -214.159, 130.999, -211.424
2003-10-29T15:36:00, -59.266, 122.795, -128.443
2003-10-29T15:37:00, -52.472, 120.656, -99.462
2003-10-29T15:38:00, -64.178, 172.645, -65.480
2003-10-29T15:39:00, -171.077, 116.350, -80.499
2003-10-29T15:40:00, -319.634, 97.401, -140.523
2003-10-29T15:41:00, -249.123, 150.595, -176.543
2003-10-29T15:42:00, -83.784, 142.238, -90.563
2003-10-29T15:43:00, -71.489, 154.104, -34.584
2003-10-29T15:44:00, -198.487, 153.504, -99.605
2003-10-29T15:45:00, -197.375, 173.118, -103.627
2003-10-29T15:46:00, -205.138, 237.513, -112.649
2003-10-29T15:47:00, -166.968, 231.738, -122.671
2003-10-29T15:48:00, -187.069, 144.785, -91.694
2003-10-29T15:49:00, -224.787, 94.896, -135.717
2003-10-29T15:50:00, -258.851, 76.371, -155.741
2003-10-29T15:51:00, -227.857, 64.490, -150.766
2003-10-29T15:52:00, -169.080, 77.369, -120.791
2003-10-29T15:53:00, -169.779, 48.268, -101.816
2003-10-29T15:54:00, -220.556, 26.661, -136.846
2003-10-29T15:55:00, -155.846, 45.011, -158.873
2003-10-29T15:56:00, -183.345, 53.793, -165.900
2003-10-29T15:57:00, -236.702, 14.128, -192.928
2003-10-29T15:58:00, -223.766, 4.846, -204.957
2003-10-29T15:59:00, -235.176, -5.106, -202.986
2003-10-29T16:00:00, -242.261, -8.035, -203.016
2003-10-29T16:01:00, -222.628, 0.497, -247.046
2003-10-29T16:02:00, -212.992, 0.663, -277.077
2003-10-29T16:03:00, -181.267, 4.315, -266.109
2003-10-29T16:04:00, -82.416, 24.447, -250.141
2003-10-29T16:05:00, -67.497, 31.338, -202.174
2003-10-29T16:06:00, -84.027, 48.209, -183.208
2003-10-29T16:07:00, -4.491, 70.279, -175.242
2003-10-29T16:08:00, -49.993, 78.508, -156.276
2003-10-29T16:09:00, -63.669, 51.466, -195.315
2003-10-29T16:10:00, -16.616, 24.047, -187.351
2003-10-29T16:11:00, -20.875, -19.614, -149.387
2003-10-29T16:12:00, -42.425, -5.334, -126.423
2003-10-29T16:13:00, -78.548, -10.556, -125.461
2003-10-29T16:14:00, -101.352, 3.076, -117.499
2003-10-29T16:15:00, -124.621, 5.318, -128.537
2003-10-29T16:16:00, -135.149, 1.424, -160.575
2003-10-29T16:17:00, -128.848, -28.788, -178.614
2003-10-29T16:18:00, -122.244, -58.046, -198.654
2003-10-29T16:19:00, -69.112, -46.458, -169.694
2003-10-29T16:20:00, 5.250, 5.605, -116.734
2003-10-29T16:21:00, 38.275, 29.872, -78.776
2003-10-29T16:22:00, -8.176, -4.579, -87.817
2003-10-29T16:23:00, 32.957, 5.576, -92.858
2003-10-29T16:24:00, -87.259, 19.704, -89.904
2003-10-29T16:25:00, -211.674, -68.695, -150.946
2003-10-29T16:26:00, -91.703, -64.657, -197.988
2003-10-29T16:27:00, -54.963, -35.267, -142.031
2003-10-29T16:28:00, -121.891, -31.737, -111.075
2003-10-29T16:29:00, -233.656, -76.934, -191.119
2003-10-29T16:30:00, -72.523, 53.582, -179.162
2003-10-29T16:31:00, -231.938, -85.602, -133.207
2003-10-29T16:32:00, -291.481, -111.688, -159.252
2003-10-29T16:33:00, -216.686, -111.143, -197.298
2003-10-29T16:34:00, -200.448, -63.695, -154.345
2003-10-29T16:35:00, -313.020, -75.051, -187.393
2003-10-29T16:36:00, -184.930, -85.105, -175.442
2003-10-29T16:37:00, -294.357, -73.324, -181.491
2003-10-29T16:38:00, -190.905, 1.021, -186.541
2003-10-29T16:39:00, -228.337, -44.652, -189.595
2003-10-29T16:40:00, -351.622, -36.862, -197.645
2003-10-29T16:41:00, -236.777, 37.022, -211.696
2003-10-29T16:42:00, -240.124, -3.720, -202.747
2003-10-29T16:43:00, -312.444, -20.479, -176.800
2003-10-29T16:44:00, -259.727, 19.613, -191.852
2003-10-29T16:45:00, -286.813, -19.888, -209.904
2003-10-29T16:46:00, -314.657, 14.288, -204.956
2003-10-29T16:47:00, -231.912, -9.691, -187.008
2003-10-29T16:48:00, -354.623, -19.906, -203.060
2003-10-29T16:49:00, -237.596, 77.428, -189.112
2003-10-29T16:50:00, -147.778, 131.988, -132.164
2003-10-29T16:51:00, -330.483, 28.558, -127.218
2003-10-29T16:52:00, -464.452, 9.330, -201.269
2003-10-29T16:53:00, -247.915, 178.966, -166.321
2003-10-29T16:54:00, -391.201, 60.932, -89.376
2003-10-29T16:55:00, -608.377, -65.135, -129.426
2003-10-29T16:56:00, -566.229, 4.551, -197.476
2003-10-29T16:57:00, -504.678, 22.972, -200.526
2003-10-29T16:58:00, -591.273, 7.612, -187.577
2003-10-29T16:59:00, -454.318, 124.862, -198.625
2003-10-29T17:00:00, -475.686, 103.494, -217.673
2003-10-29T17:01:00, -516.653, 103.031, -232.721
2003-10-29T17:02:00, -475.565, 179.354, -258.769
2003-10-29T17:03:00, -424.557, 204.272, -214.817
2003-10-29T17:04:00, -573.319, 135.194, -209.866
2003-10-29T17:05:00, -529.703, 189.737, -225.915
2003-10-29T17:06:00, -336.889, 271.447, -201.965
2003-10-29T17:07:00, -419.351, 166.656, -171.014
2003-10-29T17:08:00, -505.089, 91.230, -192.063
2003-10-29T17:09:00, -369.423, 230.932, -238.115
2003-10-29T17:10:00, -277.972, 214.706, -164.164
2003-10-29T17:11:00, -471.319, 101.029, -131.213
2003-10-29T17:12:00, -484.544, 62.406, -218.261
2003-10-29T17:13:00, -352.919, 67.017, -219.310
2003-10-29T17:14:00, -394.298, 71.946, -171.358
2003-10-29T17:15:00, -392.975, 32.908, -167.406
2003-10-29T17:16:00, -346.152, 18.254, -191.452
2003-10-29T17:17:00, -156.711, 69.568, -168.499
2003-10-29T17:18:00, -186.244, 42.418, -125.545
2003-10-29T17:19:00, -145.735, -38.420, -89.590
2003-10-29T17:20:00, -132.886, -44.392, -120.635
2003-10-29T17:21:00, 8.172, 49.554, -145.680
2003-10-29T17:22:00, 11.810, 67.487, -88.724
2003-10-29T17:23:00, -41.420, 81.429, -54.766
2003-10-29T17:24:00, -26.538, 65.373, -91.812
2003-10-29T17:25:00, 9.060, 81.563, -101.852
2003-10-29T17:26:00, -0.773, 90.135, -78.892
2003-10-29T17:27:00, -89.852, 24.178, -60.931
2003-10-29T17:28:00, -104.759, 33.315, -89.970
2003-10-29T17:29:00, -92.934, 30.822, -105.006
2003-10-29T17:30:00, -94.928, -21.841, -86.042
2003-10-29T17:31:00, -71.671, -27.961, -84.076
2003-10-29T17:32:00, -21.671, 40.315, -72.110
2003-10-29T17:33:00, -51.850, 11.281, -62.143
2003-10-29T17:34:00, -131.417, -57.689, -74.176
2003-10-29T17:35:00, -38.852, 19.119, -109.207
2003-10-29T17:36:00, -7.417, 58.673, -86.240
2003-10-29T17:37:00, -131.718, 20.681, -60.270
2003-10-29T17:38:00, -191.370, -48.309, -98.300
2003-10-29T17:39:00, -116.004, -28.988, -123.333
2003-10-29T17:40:00, 4.122, 65.308, -103.361
2003-10-29T17:41:00, -62.752, 122.405, -70.389
2003-10-29T17:42:00, -200.514, 8.953, -69.416
2003-10-29T17:43:00, -162.105, -18.743, -112.443
2003-10-29T17:44:00, -28.534, -1.095, -98.468
2003-10-29T17:45:00, -38.898, 62.208, -43.493
2003-10-29T17:46:00, -205.886, 22.025, -45.518
2003-10-29T17:47:00, -309.733, -53.920, -90.541
2003-10-29T17:48:00, -94.412, 82.575, -135.564
2003-10-29T17:49:00, -113.698, 84.718, -24.586
2003-10-29T17:50:00, -435.748, 28.679, 7.392
2003-10-29T17:51:00, -246.267, 136.663, -96.629
2003-10-29T17:52:00, -230.941, 128.879, -52.649
2003-10-29T17:53:00, -452.087, 136.305, 27.331
2003-10-29T17:54:00, -408.960, 130.195, -11.690
2003-10-29T17:55:00, -363.513, 95.024, -19.708
2003-10-29T17:56:00, -474.127, 199.579, -7.725
2003-10-29T17:57:00, -504.991, 148.751, -80.741
2003-10-29T17:58:00, -383.500, 125.139, -71.757
2003-10-29T17:59:00, -419.495, 187.144, -61.772
2003-10-29T18:00:00, -416.391, 213.668, -116.786
2003-10-29T18:01:00, -418.766, 117.088, -126.799
2003-10-29T18:02:00, -583.972, 125.664, -122.811
2003-10-29T18:03:00, -466.512, 138.998, -182.822
2003-10-29T18:04:00, -364.573, 67.033, -92.832
2003-10-29T18:05:00, -349.310, 191.469, -84.840
2003-10-29T18:06:00, -370.144, 231.894, -154.848
2003-10-29T18:07:00, -552.361, 18.215, -132.855
2003-10-29T18:08:00, -552.049, -3.673, -180.861
2003-10-29T18:09:00, -391.778, 22.313, -194.866
2003-10-29T18:10:00, -476.562, 23.221, -126.874
2003-10-29T18:11:00, -455.501, -55.603, -126.878
2003-10-29T18:12:00, -321.003, -84.383, -121.881
2003-10-29T18:13:00, -236.127, -137.281, -78.883
2003-10-29T18:14:00, -245.187, -59.676, -88.885
2003-10-29T18:15:00, -264.821, -124.540, -97.886
2003-10-29T18:16:00, -326.582, -163.452, -162.887
2003-10-29T18:17:00, -239.540, -126.818, -163.887
2003-10-29T18:18:00, 11.275, 151.615, -80.887
2003-10-29T18:19:00, -234.187, -86.054, -51.887
2003-10-29T18:20:00, -384.731, -196.465, -49.887
2003-10-29T18:21:00, -224.025, -6.939, -120.886
2003-10-29T18:22:00, -66.988, 22.184, -97.885
2003-10-29T18:23:00, -169.402, -5.926, -24.884
2003-10-29T18:24:00, -300.941, 32.902, -5.884
2003-10-29T18:25:00, -264.592, 118.143, -23.883
2003-10-29T18:26:00, -160.341, 123.097, 4.113
2003-10-29T18:27:00, -196.797, 147.504, 80.114
2003-10-29T18:28:00, -194.076, 196.211, 122.114
2003-10-29T18:29:00, -118.697, 272.222, 117.114
2003-10-29T18:30:00, -109.890, 293.813, 133.114
2003-10-29T18:31:00, -157.237, 283.910, 113.114
2003-10-29T18:32:00, -119.699, 286.949, 108.115
2003-10-29T18:33:00, -64.798, 291.826, 141.116
2003-10-29T18:34:00, 1.495, 296.238, 155.118
2003-10-29T18:35:00, 46.117, 311.722, 198.121
2003-10-29T18:36:00, 31.386, 384.859, 212.124
2003-10-29T18:37:00, 41.407, 387.191, 201.128
2003-10-29T18:38:00, -28.080, 419.992, 199.132
2003-10-29T18:39:00, -80.579, 436.911, 216.136
2003-10-29T18:40:00, -215.453, 442.195, 217.141
2003-10-29T18:41:00, -296.857, 424.223, 226.141
2003-10-29T18:42:00, -328.647, 430.380, 210.146
2003-10-29T18:43:00, -339.517, 433.057, 153.151
2003-10-29T18:44:00, -295.029, 434.952, 108.156
2003-10-29T18:45:00, -213.926, 419.988, 82.161
2003-10-29T18:46:00, -127.731, 424.391, 103.166
2003-10-29T18:47:00, -85.528, 409.177, 130.170
2003-10-29T18:48:00, -68.735, 423.004, 159.174
2003-10-29T18:49:00, -72.196, 415.979, 172.178
2003-10-29T18:50:00, -26.134, 439.405, 181.181
2003-10-29T18:51:00, 5.509, 453.775, 182.185
2003-10-29T18:52:00, 33.971, 491.175, 200.187
2003-10-29T18:53:00, 29.368, 497.100, 201.189
2003-10-29T18:54:00, 52.687, 518.296, 191.190
2003-10-29T18:55:00, 54.084, 546.445, 187.191
2003-10-29T18:56:00, -28.571, 547.749, 167.191
2003-10-29T18:57:00, -127.832, 516.551, 130.186
2003-10-29T18:58:00, -47.680, 478.808, 131.184
2003-10-29T18:59:00, 5.739, 452.682, 146.181
2003-10-29T19:00:00, 49.558, 455.828, 169.177
2003-10-29T19:01:00, 46.275, 479.160, 211.172
2003-10-29T19:02:00, -13.390, 486.807, 257.168
2003-10-29T19:03:00, -71.454, 492.898, 284.162
2003-10-29T19:04:00, -132.031, 497.688, 283.157
2003-10-29T19:05:00, -105.587, 499.006, 265.151
2003-10-29T19:06:00, -95.798, 470.995, 202.145
2003-10-29T19:07:00, -50.898, 464.361, 156.138
2003-10-29T19:08:00, -41.805, 440.761, 135.131
2003-10-29T19:09:00, 10.021, 436.126, 135.124
2003-10-29T19:10:00, 62.635, 420.751, 136.116
2003-10-29T19:11:00, 98.604, 419.048, 139.108
2003-10-29T19:12:00, 150.543, 428.015, 156.099
2003-10-29T19:13:00, 158.770, 441.412, 165.086
2003-10-29T19:14:00, 161.025, 452.498, 159.076
2003-10-29T19:15:00, 136.241, 474.258, 147.066
2003-10-29T19:16:00, 222.102, 520.718, 140.055
2003-10-29T19:17:00, 352.999, 580.168, 144.044
2003-10-29T19:18:00, 468.853, 651.731, 159.032
2003-10-29T19:19:00, 444.178, 644.073, 153.019
2003-10-29T19:20:00, 443.096, 601.652, 157.006
2003-10-29T19:21:00, 405.650, 580.213, 194.992
2003-10-29T19:22:00, 261.285, 582.186, 266.978
2003-10-29T19:23:00, 168.387, 524.818, 334.963
2003-10-29T19:24:00, 138.573, 543.953, 399.947
2003-10-29T19:25:00, 19.619, 559.886, 415.931
2003-10-29T19:26:00, -53.882, 560.350, 359.914
2003-10-29T19:27:00, -78.722, 585.239, 296.896
2003-10-29T19:28:00, -88.016, 563.235, 272.877
2003-10-29T19:29:00, -105.585, 544.893, 272.854
2003-10-29T19:30:00, -120.919, 546.820, 271.834
2003-10-29T19:31:00, -162.996, 517.360, 271.813
2003-10-29T19:32:00, -171.126, 502.310, 249.791
2003-10-29T19:33:00, -145.380, 527.919, 218.768
2003-10-29T19:34:00, -145.207, 572.130, 185.745
2003-10-29T19:35:00, -117.857, 596.178, 165.720
2003-10-29T19:36:00, -93.450, 561.365, 138.694
2003-10-29T19:37:00, 34.449, 565.055, 122.668
2003-10-29T19:38:00, 105.037, 573.283, 124.641
2003-10-29T19:39:00, 162.977, 581.325, 134.614
2003-10-29T19:40:00, 175.741, 585.859, 170.586
2003-10-29T19:41:00, 169.277, 585.998, 242.557
2003-10-29T19:42:00, 97.991, 563.683, 272.528
2003-10-29T19:43:00, 103.892, 582.979, 282.497
2003-10-29T19:44:00, 41.465, 581.977, 281.467
2003-10-29T19:45:00, 22.278, 565.156, 271.436
2003-10-29T19:46:00, 3.420, 569.209, 269.401
2003-10-29T19:47:00, -45.176, 552.268, 252.369
2003-10-29T19:48:00, -84.892, 533.555, 228.337
2003-10-29T19:49:00, -95.845, 559.218, 219.305
2003-10-29T19:50:00, -101.520, 591.594, 208.272
2003-10-29T19:51:00, -83.321, 613.252, 194.238
2003-10-29T19:52:00, -91.000, 609.536, 187.205
2003-10-29T19:53:00, -107.210, 605.374, 176.172
2003-10-29T19:54:00, -106.053, 603.042, 172.139
2003-10-29T19:55:00, -130.095, 637.023, 154.106
2003-10-29T19:56:00, -161.506, 677.532, 137.072
2003-10-29T19:57:00, 999999.000, 999999.000, 999999.000
2003-10-29T19:58:00, 999999.000, 999999.000, 999999.000
2003-10-29T19:59:00, 999999.000, 999999.000, 999999.000
2003-10-29T20:00:00, 999999.000, 999999.000, 999999.000
2003-10-29T20:01:00, -282.945, 671.463, 139.904
2003-10-29T20:02:00, -271.000, 666.713, 159.866
2003-10-29T20:03:00, -277.983, 658.519, 181.831
2003-10-29T20:04:00, -301.168, 655.461, 191.795
2003-10-29T20:05:00, -319.865, 669.859, 170.759
2003-10-29T20:06:00, -338.566, 684.256, 149.722
2003-10-29T20:07:00, -357.264, 698.644, 128.684
2003-10-29T20:08:00, -297.888, 737.571, 89.647
2003-10-29T20:09:00, -278.084, 757.573, 77.609
2003-10-29T20:10:00, -268.325, 772.362, 73.571
2003-10-29T20:11:00, -243.269, 779.148, 59.533
2003-10-29T20:12:00, -213.934, 796.113, 49.494
2003-10-29T20:13:00, -174.980, 803.727, 49.454
2003-10-29T20:14:00, -158.922, 798.666, 84.416
2003-10-29T20:15:00, -208.269, 789.167, 112.377
2003-10-29T20:16:00, -257.382, 763.852, 103.338
2003-10-29T20:17:00, -236.702, 723.740, 73.299
2003-10-29T20:18:00, -227.252, 694.526, 63.261
2003-10-29T20:19:00, -254.859, 690.702, 54.219
2003-10-29T20:20:00, -260.332, 687.195, 44.180
2003-10-29T20:21:00, -275.387, 689.869, 47.142
2003-10-29T20:22:00, -289.275, 699.512, 50.104
2003-10-29T20:23:00, -299.607, 703.825, 41.067
2003-10-29T20:24:00, -267.905, 688.505, 20.030
2003-10-29T20:25:00, -256.503, 655.490, 0.994
2003-10-29T20:26:00, -188.112, 640.064, 5.959
2003-10-29T20:27:00, -101.981, 644.183, 26.924
2003-10-29T20:28:00, -92.950, 643.376, 31.889
2003-10-29T20:29:00, -113.910, 617.458, 42.855
2003-10-29T20:30:00, -130.032, 606.786, 39.822
2003-10-29T20:31:00, -120.089, 608.821, 15.790
2003-10-29T20:32:00, -107.082, 574.209, -26.241
2003-10-29T20:33:00, -69.180, 502.320, -24.274
2003-10-29T20:34:00, 24.340, 476.777, -3.306
2003-10-29T20:35:00, -5.776, 471.561, -5.338
2003-10-29T20:36:00, -44.038, 460.528, -25.375
2003-10-29T20:37:00, -0.334, 489.586, -47.407
2003-10-29T20:38:00, 5.978, 480.141, -76.439
2003-10-29T20:39:00, 1.017, 484.759, -99.470
2003-10-29T20:40:00, 10.466, 455.425, -103.502
2003-10-29T20:41:00, -8.259, 449.711, -113.532
2003-10-29T20:42:00, 22.975, 422.899, -120.563
2003-10-29T20:43:00, 116.240, 436.202, -117.594
2003-10-29T20:44:00, 123.045, 458.045, -143.624
2003-10-29T20:45:00, 161.280, 449.981, -156.653
2003-10-29T20:46:00, 130.561, 485.816, -163.682
2003-10-29T20:47:00, 140.503, 487.768, -180.711
2003-10-29T20:48:00, 135.445, 455.656, -182.739
2003-10-29T20:49:00, 122.089, 450.303, -181.766
2003-10-29T20:50:00, 115.083, 464.963, -195.793
2003-10-29T20:51:00, 84.053, 456.812, -215.820
2003-10-29T20:52:00, 62.078, 500.342, -206.846
2003-10-29T20:53:00, 39.379, 528.363, -216.874
2003-10-29T20:54:00, 74.990, 548.377, -234.898
2003-10-29T20:55:00, 40.666, 549.655, -267.922
2003-10-29T20:56:00, 49.794, 542.395, -287.944
2003-10-29T20:57:00, 74.545, 548.010, -296.966
2003-10-29T20:58:00, 66.860, 543.976, -305.988
2003-10-29T20:59:00, 74.943, 543.335, -306.008
2003-10-29T21:00:00, 88.395, 543.086, -305.027
2003-10-29T21:01:00, 111.104, 558.782, -293.045
2003-10-29T21:02:00, 100.423, 565.130, -299.063
2003-10-29T21:03:00, 131.660, 538.244, -282.080
2003-10-29T21:04:00, 123.604, 516.472, -267.096
2003-10-29T21:05:00, 90.370, 507.928, -269.112
2003-10-29T21:06:00, 74.754, 505.324, -269.127
2003-10-29T21:07:00, 56.889, 505.533, -278.141
2003-10-29T21:08:00, 20.054, 505.462, -288.155
2003-10-29T21:09:00, 17.533, 494.503, -286.168
2003-10-29T21:10:00, 27.731, 500.486, -286.184
2003-10-29T21:11:00, 30.417, 479.475, -293.196
2003-10-29T21:12:00, 19.152, 460.787, -302.207
2003-10-29T21:13:00, -2.113, 433.722, -306.218
2003-10-29T21:14:00, 4.107, 430.465, -302.228
2003-10-29T21:15:00, 9.586, 434.784, -306.237
2003-10-29T21:16:00, 14.855, 431.825, -314.246
2003-10-29T21:17:00, 7.429, 431.841, -312.254
2003-10-29T21:18:00, 6.841, 440.178, -306.261
2003-10-29T21:19:00, 12.414, 438.167, -308.269
2003-10-29T21:20:00, 10.755, 433.203, -323.275
2003-10-29T21:21:00, -10.206, 407.077, -340.281
2003-10-29T21:22:00, -8.563, 392.672, -340.287
2003-10-29T21:23:00, -8.662, 389.310, -343.292
2003-10-29T21:24:00, -3.298, 380.019, -337.297
2003-10-29T21:25:00, -13.138, 372.404, -343.301
2003-10-29T21:26:00, -15.515, 351.932, -333.304
2003-10-29T21:27:00, -37.422, 326.115, -326.307
2003-10-29T21:28:00, -56.536, 368.646, -335.314
2003-10-29T21:29:00, -53.838, 390.629, -332.316
2003-10-29T21:30:00, -33.915, 380.924, -315.318
2003-10-29T21:31:00, -22.315, 378.054, -312.319
2003-10-29T21:32:00, -22.040, 349.398, -315.319
2003-10-29T21:33:00, -9.764, 365.191, -307.319
2003-10-29T21:34:00, 17.389, 358.429, -289.317
2003-10-29T21:35:00, 26.361, 340.645, -291.315
2003-10-29T21:36:00, 32.376, 330.085, -302.312
2003-10-29T21:37:00, 27.353, 317.787, -299.308
2003-10-29T21:38:00, 51.929, 335.964, -296.303
2003-10-29T21:39:00, 41.187, 325.477, -315.298
2003-10-29T21:40:00, 43.442, 312.965, -325.293
2003-10-29T21:41:00, 37.209, 296.849, -333.287
2003-10-29T21:42:00, 31.164, 268.085, -354.280
2003-10-29T21:43:00, 27.393, 256.426, -367.273
2003-10-29T21:44:00, 41.390, 241.237, -390.265
2003-10-29T21:45:00, 60.410, 228.652, -407.258
2003-10-29T21:46:00, 81.198, 224.947, -418.253
2003-10-29T21:47:00, 101.732, 217.128, -428.245
2003-10-29T21:48:00, 89.437, 205.037, -441.237
2003-10-29T21:49:00, 79.863, 201.524, -452.228
2003-10-29T21:50:00, 111.069, 177.734, -452.219
2003-10-29T21:51:00, 149.155, 159.101, -430.210
2003-10-29T21:52:00, 114.966, 173.893, -420.201
2003-10-29T21:53:00, 129.646, 177.382, -424.192
2003-10-29T21:54:00, 147.210, 156.879, -425.183
2003-10-29T21:55:00, 119.999, 170.514, -441.174
2003-10-29T21:56:00, 81.607, 191.895, -464.166
2003-10-29T21:57:00, 183.526, 199.197, -475.157
2003-10-29T21:58:00, 189.206, 147.848, -472.149
2003-10-29T21:59:00, 179.578, 170.607, -464.141
2003-10-29T22:00:00, 160.394, 176.467, -468.133
2003-10-29T22:01:00, 177.060, 153.124, -479.125
2003-10-29T22:02:00, 202.683, 187.788, -501.117
2003-10-29T22:03:00, 258.179, 190.947, -496.108
2003-10-29T22:04:00, 317.115, 175.181, -480.103
2003-10-29T22:05:00, 295.771, 177.536, -484.093
2003-10-29T22:06:00, 272.895, 198.208, -498.083
2003-10-29T22:07:00, 294.213, 159.758, -485.072
2003-10-29T22:08:00, 269.433, 181.042, -450.062
2003-10-29T22:09:00, 244.883, 143.506, -431.051
2003-10-29T22:10:00, 216.401, 93.580, -428.040
2003-10-29T22:11:00, 205.713, 103.056, -433.029
2003-10-29T22:12:00, 219.621, 74.308, -446.018
2003-10-29T22:13:00, 198.979, 72.251, -449.006
2003-10-29T22:14:00, 146.564, 102.312, -487.995
2003-10-29T22:15:00, 152.019, 132.903, -501.984
2003-10-29T22:16:00, 5.654, 164.443, -550.974
2003-10-29T22:17:00, 71.089, 159.227, -549.963
2003-10-29T22:18:00, 53.061, 152.162, -517.953
2003-10-29T22:19:00, 63.308, 158.161, -518.944
2003-10-29T22:20:00, 94.360, 147.073, -500.934
2003-10-29T22:21:00, 80.657, 147.031, -523.925
2003-10-29T22:22:00, 34.177, 139.558, -554.921
2003-10-29T22:23:00, 29.894, 122.901, -574.913
2003-10-29T22:24:00, 3.552, 122.686, -573.906
2003-10-29T22:25:00, -7.281, 121.750, -556.899
2003-10-29T22:26:00, -8.511, 134.556, -555.894
2003-10-29T22:27:00, 14.578, 128.111, -530.889
2003-10-29T22:28:00, 10.977, 130.131, -521.885
2003-10-29T22:29:00, -26.585, 140.834, -525.882
2003-10-29T22:30:00, -54.779, 138.076, -519.879
2003-10-29T22:31:00, -78.599, 139.182, -514.878
2003-10-29T22:32:00, -85.331, 118.084, -511.876
2003-10-29T22:33:00, -104.382, 117.681, -495.875
2003-10-29T22:34:00, -116.851, 121.489, -495.874
2003-10-29T22:35:00, -143.851, 102.632, -496.873
2003-10-29T22:36:00, -145.460, 120.831, -489.872
2003-10-29T22:37:00, -261.243, 139.583, -506.872
2003-10-29T22:38:00, -286.215, 133.730, -531.872
2003-10-29T22:39:00, -273.938, 132.850, -541.872
2003-10-29T22:40:00, -258.997, 57.689, -573.873
2003-10-29T22:41:00, -245.394, 31.216, -562.878
2003-10-29T22:42:00, -226.581, 37.711, -553.880
2003-10-29T22:43:00, -247.853, 17.055, -553.883
2003-10-29T22:44:00, -222.390, 1.513, -557.886
2003-10-29T22:45:00, -238.308, 4.346, -555.889
2003-10-29T22:46:00, -205.052, -3.170, -576.893
2003-10-29T22:47:00, -121.785, 8.070, -583.898
2003-10-29T22:48:00, -122.797, 8.279, -601.904
2003-10-29T22:49:00, -81.796, 11.950, -612.910
2003-10-29T22:50:00, -22.821, 19.363, -616.917
2003-10-29T22:51:00, 25.758, 23.778, -631.926
2003-10-29T22:52:00, 50.558, 32.593, -643.935
2003-10-29T22:53:00, 74.031, 23.997, -661.944
2003-10-29T22:54:00, 15.575, 38.242, -662.955
2003-10-29T22:55:00, -60.968, 35.147, -655.967
2003-10-29T22:56:00, -124.028, 18.335, -668.980
2003-10-29T22:57:00, -126.921, -3.922, -657.994
2003-10-29T22:58:00, -194.676, -2.459, -647.009
2003-10-29T22:59:00, -203.307, 0.186, -626.025
2003-10-29T23:00:00, -125.376, 30.979, -553.046
2003-10-29T23:01:00, -198.802, 31.102, -534.065
2003-10-29T23:02:00, -210.197, 28.338, -532.084
2003-10-29T23:03:00, -186.343, 37.477, -526.105
2003-10-29T23:04:00, -190.108, 32.299, -513.127
2003-10-29T23:05:00, -230.187, 44.937, -505.150
2003-10-29T23:06:00, -222.863, 38.344, -490.174
2003-10-29T23:07:00, -235.692, 47.589, -479.199
2003-10-29T23:08:00, -264.723, 61.977, -475.225
2003-10-29T23:09:00, -277.804, 67.112, -477.252
2003-10-29T23:10:00, -267.497, 73.223, -479.279
2003-10-29T23:11:00, -207.668, 66.775, -448.307
2003-10-29T23:12:00, -417.880, 78.842, -519.337
2003-10-29T23:13:00, -392.253, 53.869, -551.368
2003-10-29T23:14:00, -288.944, 58.814, -511.398
2003-10-29T23:15:00, -299.584, 48.496, -495.430
2003-10-29T23:16:00, -284.998, 21.786, -482.462
2003-10-29T23:17:00, -259.599, 12.630, -475.494
2003-10-29T23:18:00, -203.790, 0.123, -452.528
2003-10-29T23:19:00, -213.378, 26.194, -438.561
2003-10-29T23:20:00, -287.414, 47.530, -454.600
2003-10-29T23:21:00, -271.502, 38.236, -467.635
2003-10-29T23:22:00, -232.667, 18.525, -460.671
2003-10-29T23:23:00, -295.152, 6.823, -472.706
2003-10-29T23:24:00, -313.535, -14.670, -496.742
2003-10-29T23:25:00, -338.216, -16.333, -494.779
2003-10-29T23:26:00, -301.499, -42.717, -477.815
2003-10-29T23:27:00, -228.858, -38.532, -407.852
2003-10-29T23:28:00, -203.668, -11.954, -365.890
2003-10-29T23:29:00, -242.626, 10.841, -360.928
2003-10-29T23:30:00, -247.360, 29.075, -361.965
2003-10-29T23:31:00, -193.484, 40.258, -313.003
2003-10-29T23:32:00, -231.652, 52.312, -320.043
2003-10-29T23:33:00, -256.823, 62.343, -335.083
2003-10-29T23:34:00, -287.390, 52.055, -349.124
2003-10-29T23:35:00, -275.732, 52.506, -341.167
2003-10-29T23:36:00, -311.205, 53.216, -342.211
2003-10-29T23:37:00, -336.789, 91.708, -370.255
2003-10-29T23:38:00, -326.152, 118.711, -352.299
2003-10-29T23:39:00, -303.196, 125.021, -327.344
2003-10-29T23:40:00, -269.893, 137.491, -312.394
2003-10-29T23:41:00, -251.748, 148.476, -313.440
2003-10-29T23:42:00, -239.488, 150.836, -329.487
2003-10-29T23:43:00, -233.366, 140.455, -355.535
2003-10-29T23:44:00, -193.022, 125.514, -355.582
2003-10-29T23:45:00, -148.589, 90.393, -319.630
2003-10-29T23:46:00, -181.063, 80.715, -330.677
2003-10-29T23:47:00, -204.144, 77.500, -339.725
2003-10-29T23:48:00, -237.526, 64.962, -340.772
2003-10-29T23:49:00, -206.461, 57.160, -318.820
2003-10-29T23:50:00, -174.930, 60.750, -278.867
2003-10-29T23:51:00, -162.256, 77.662, -262.915
2003-10-29T23:52:00, -172.436, 78.744, -269.962
2003-10-29T23:53:00, -199.987, 77.992, -291.008
2003-10-29T23:54:00, -210.078, 72.750, -303.053
2003-10-29T23:55:00, -216.311, 63.135, -312.099
2003-10-29T23:56:00, -216.873, 54.868, -318.143
2003-10-29T23:57:00, -221.852, 45.904, -327.187
2003-10-29T23:58:00, -240.857, 22.500, -340.231
2003-10-29T23:59:00, -259.375, -12.597, -351.273
2003-10-30T00:00:00, -236.298, -15.778, -346.319
2003-10-30T00:01:00, -242.493, -28.559, -334.360
2003-10-30T00:02:00, -252.694, -70.495, -330.401
2003-10-30T00:03:00, -221.577, -104.554, -299.443
2003-10-30T00:04:00, -197.925, -125.755, -276.484
2003-10-30T00:05:00, -178.225, -136.262, -265.526
2003-10-30T00:06:00, -119.953, -124.384, -262.569
2003-10-30T00:07:00, -85.818, -148.912, -259.611
2003-10-30T00:08:00, -82.023, -153.326, -257.653
2003-10-30T00:09:00, -98.246, -151.390, -264.695
2003-10-30T00:10:00, -139.581, -162.473, -302.736
2003-10-30T00:11:00, -198.258, -155.466, -354.781
2003-10-30T00:12:00, -204.834, -142.954, -392.822
2003-10-30T00:13:00, -196.648, -123.587, -391.864
2003-10-30T00:14:00, -185.437, -94.688, -375.904
2003-10-30T00:15:00, -175.949, -77.832, -360.944
2003-10-30T00:16:00, -180.760, -56.441, -363.983
2003-10-30T00:17:00, -180.549, -32.447, -375.021
2003-10-30T00:18:00, -171.321, -19.707, -379.059
2003-10-30T00:19:00, -166.602, -1.342, -387.096
2003-10-30T00:20:00, -184.182, 6.261, -415.132
2003-10-30T00:21:00, -198.582, -9.178, -443.168
2003-10-30T00:22:00, -187.363, -46.381, -434.203
2003-10-30T00:23:00, -206.550, -37.221, -427.236
2003-10-30T00:24:00, -209.368, -22.763, -404.268
2003-10-30T00:25:00, -204.983, -25.279, -380.299
2003-10-30T00:26:00, -215.500, -25.167, -388.329
2003-10-30T00:27:00, -230.438, -25.752, -413.358
2003-10-30T00:28:00, -250.885, -17.249, -418.386
2003-10-30T00:29:00, -206.068, 5.174, -421.412
2003-10-30T00:30:00, -177.596, 42.223, -390.436
2003-10-30T00:31:00, -234.267, 62.215, -404.464
2003-10-30T00:32:00, -191.734, 67.524, -370.485
2003-10-30T00:33:00, -169.895, 60.512, -335.506
2003-10-30T00:34:00, -214.464, 9.519, -327.526
2003-10-30T00:35:00, -273.097, -9.738, -375.545
2003-10-30T00:36:00, -258.819, 2.426, -413.563
2003-10-30T00:37:00, -227.362, -13.936, -429.579
2003-10-30T00:38:00, -243.752, -45.546, -438.595
2003-10-30T00:39:00, -286.421, -97.149, -457.609
2003-10-30T00:40:00, -364.706, -135.357, -462.623
2003-10-30T00:41:00, -394.004, -171.269, -459.636
2003-10-30T00:42:00, -398.055, -203.650, -464.648
2003-10-30T00:43:00, -379.653, -257.844, -478.659
2003-10-30T00:44:00, -409.865, -339.629, -493.669
2003-10-30T00:45:00, -391.738, -374.850, -485.679
2003-10-30T00:46:00, -354.219, -395.240, -435.688
2003-10-30T00:47:00, -391.030, -415.134, -375.696
2003-10-30T00:48:00, -413.795, -400.667, -332.704
2003-10-30T00:49:00, -369.919, -315.017, -285.711
2003-10-30T00:50:00, -334.273, -228.854, -300.717
2003-10-30T00:51:00, -330.860, -188.073, -347.724
2003-10-30T00:52:00, -354.344, -146.101, -389.729
2003-10-30T00:53:00, -373.646, -130.634, -429.738
2003-10-30T00:54:00, -442.079, -150.988, -446.742
2003-10-30T00:55:00, -550.479, -184.892, -448.747
2003-10-30T00:56:00, -444.051, -203.009, -407.751
2003-10-30T00:57:00, -259.108, -205.115, -469.754
2003-10-30T00:58:00, -100.820, -287.942, -532.757
2003-10-30T00:59:00, -34.386, -339.532, -560.761
2003-10-30T01:00:00, 24.285, -379.216, -546.763
2003-10-30T01:01:00, 59.105, -388.254, -458.765
2003-10-30T01:02:00, 1.003, -336.346, -429.766
2003-10-30T01:03:00, 28.821, -364.147, -386.765
2003-10-30T01:04:00, 113.078, -293.400, -339.763
2003-10-30T01:05:00, 105.515, -280.603, -354.760
2003-10-30T01:06:00, 196.275, -222.413, -324.755
2003-10-30T01:07:00, 201.122, -236.633, -355.750
2003-10-30T01:08:00, 170.933, -255.477, -384.744
2003-10-30T01:09:00, 141.372, -252.490, -358.737
2003-10-30T01:10:00, 106.928, -261.591, -385.730
2003-10-30T01:11:00, 108.310, -276.811, -403.722
2003-10-30T01:12:00, 93.518, -223.954, -423.713
2003-10-30T01:13:00, 228.123, -179.671, -364.704
2003-10-30T01:14:00, 339.803, -167.979, -298.699
2003-10-30T01:15:00, 294.284, -241.758, -345.690
2003-10-30T01:16:00, 276.796, -177.553, -285.681
2003-10-30T01:17:00, 199.927, -118.643, -262.672
2003-10-30T01:18:00, 162.718, -90.146, -289.664
2003-10-30T01:19:00, 228.357, -130.991, -267.655
2003-10-30T01:20:00, 206.467, -133.579, -297.647
2003-10-30T01:21:00, 189.528, -107.317, -307.640
2003-10-30T01:22:00, 203.162, -116.976, -294.633
2003-10-30T01:23:00, 283.339, -92.139, -251.627
2003-10-30T01:24:00, 288.420, -79.150, -251.621
2003-10-30T01:25:00, 329.444, -58.678, -252.617
2003-10-30T01:26:00, 322.430, -83.815, -259.614
2003-10-30T01:27:00, 293.401, -95.673, -305.612
2003-10-30T01:28:00, 389.564, -126.262, -288.611
2003-10-30T01:29:00, 385.421, -66.280, -276.611
2003-10-30T01:30:00, 320.241, -49.883, -383.613
2003-10-30T01:31:00, 262.847, -68.476, -496.615
2003-10-30T01:32:00, 299.066, -195.445, -552.617
2003-10-30T01:33:00, 389.230, -291.266, -514.619
2003-10-30T01:34:00, 359.019, -287.007, -471.620
2003-10-30T01:35:00, 286.513, -310.247, -468.621
2003-10-30T01:36:00, 270.601, -267.513, -428.627
2003-10-30T01:37:00, 265.732, -266.045, -411.628
2003-10-30T01:38:00, 312.623, -213.852, -450.629
2003-10-30T01:39:00, 336.031, -156.308, -476.631
2003-10-30T01:40:00, 287.878, -92.851, -469.634
2003-10-30T01:41:00, 199.440, -172.930, -497.636
2003-10-30T01:42:00, 102.958, -265.145, -517.640
2003-10-30T01:43:00, 179.872, -320.040, -418.644
2003-10-30T01:44:00, 215.342, -287.301, -345.649
2003-10-30T01:45:00, 332.102, -190.122, -299.655
2003-10-30T01:46:00, 370.692, -111.162, -321.662
2003-10-30T01:47:00, 391.613, -34.988, -330.670
2003-10-30T01:48:00, 345.262, -51.828, -382.679
2003-10-30T01:49:00, 393.370, -104.923, -422.690
2003-10-30T01:50:00, 364.242, -153.451, -426.702
2003-10-30T01:51:00, 387.982, -184.130, -399.716
2003-10-30T01:52:00, 281.249, -202.796, -382.732
2003-10-30T01:53:00, 309.346, -163.514, -357.749
2003-10-30T01:54:00, 344.745, -104.515, -340.768
2003-10-30T01:55:00, 313.921, -102.144, -328.790
2003-10-30T01:56:00, 390.444, -65.630, -291.813
2003-10-30T01:57:00, 373.829, -18.456, -273.838
2003-10-30T01:58:00, 369.156, -9.691, -249.871
2003-10-30T01:59:00, 329.355, 0.776, -243.901
2003-10-30T02:00:00, 301.222, -8.191, -238.934
2003-10-30T02:01:00, 213.381, -43.331, -244.969
2003-10-30T02:02:00, 142.610, -34.576, -248.005
2003-10-30T02:03:00, 140.515, -50.751, -280.043
2003-10-30T02:04:00, 182.175, -74.508, -298.082
2003-10-30T02:05:00, 230.743, -73.180, -281.122
2003-10-30T02:06:00, 288.473, -6.567, -255.165
2003-10-30T02:07:00, 335.737, -2.725, -264.208
2003-10-30T02:08:00, 387.532, -27.596, -286.253
2003-10-30T02:09:00, 437.045, -69.577, -259.299
2003-10-30T02:10:00, 423.346, -92.556, -218.347
2003-10-30T02:11:00, 322.232, -63.677, -190.396
2003-10-30T02:12:00, 271.965, -29.943, -205.447
2003-10-30T02:13:00, 246.820, -49.290, -231.502
2003-10-30T02:14:00, 234.003, -46.317, -244.556
2003-10-30T02:15:00, 206.959, -22.045, -240.612
2003-10-30T02:16:00, 195.560, -7.980, -235.670
2003-10-30T02:17:00, 194.761, 16.360, -222.729
2003-10-30T02:18:00, 176.477, 25.266, -218.790
2003-10-30T02:19:00, 159.560, 5.414, -210.853
2003-10-30T02:20:00, 147.690, 8.092, -210.918
2003-10-30T02:21:00, 125.887, 19.164, -214.991
2003-10-30T02:22:00, 105.763, 45.443, -207.059
2003-10-30T02:23:00, 78.965, 73.840, -200.130
2003-10-30T02:24:00, 89.223, 76.845, -200.202
2003-10-30T02:25:00, 92.201, 80.061, -216.277
2003-10-30T02:26:00, 129.376, 58.793, -229.353
2003-10-30T02:27:00, 160.572, 35.226, -233.431
2003-10-30T02:28:00, 162.866, 19.777, -210.514
2003-10-30T02:29:00, 178.438, 26.344, -188.596
2003-10-30T02:30:00, 199.589, 40.585, -177.681
2003-10-30T02:31:00, 210.182, 41.390, -185.768
2003-10-30T02:32:00, 258.835, 56.352, -161.857
2003-10-30T02:33:00, 273.750, 64.180, -152.949
2003-10-30T02:34:00, 263.275, 77.965, -157.043
2003-10-30T02:35:00, 256.823, 97.819, -156.139
2003-10-30T02:36:00, 259.337, 109.582, -151.240
2003-10-30T02:37:00, 265.154, 111.908, -144.341
2003-10-30T02:38:00, 237.041, 33.724, -171.443
2003-10-30T02:39:00, 176.085, 60.378, -217.548
2003-10-30T02:40:00, 107.780, 70.480, -225.654
2003-10-30T02:41:00, 87.318, 52.818, -244.763
2003-10-30T02:42:00, 16.007, 30.303, -308.873
2003-10-30T02:43:00, -22.736, 7.950, -370.988
2003-10-30T02:44:00, -50.919, -0.965, -393.105
2003-10-30T02:45:00, -43.395, -29.600, -378.220
2003-10-30T02:46:00, 26.438, -37.083, -332.337
2003-10-30T02:47:00, 43.445, -65.577, -294.455
2003-10-30T02:48:00, 70.911, -117.320, -248.574
2003-10-30T02:49:00, 63.179, -141.113, -212.695
2003-10-30T02:50:00, 87.818, -86.000, -213.817
2003-10-30T02:51:00, 95.755, -57.061, -221.943
2003-10-30T02:52:00, 140.845, -59.839, -218.068
2003-10-30T02:53:00, 191.654, -64.430, -208.193
2003-10-30T02:54:00, 160.200, -110.070, -216.319
2003-10-30T02:55:00, 70.742, -103.740, -264.446
2003-10-30T02:56:00, 65.934, -111.671, -265.574
2003-10-30T02:57:00, 154.072, -160.623, -222.703
2003-10-30T02:58:00, 184.854, -158.859, -189.837
2003-10-30T02:59:00, 184.855, -171.461, -200.967
2003-10-30T03:00:00, 146.282, -206.448, -214.098
2003-10-30T03:01:00, 28.618, -196.413, -247.230
2003-10-30T03:02:00, -19.599, -155.951, -295.365
2003-10-30T03:03:00, 40.567, -130.984, -281.502
2003-10-30T03:04:00, 45.221, -224.790, -246.642
2003-10-30T03:05:00, 48.096, -218.368, -259.783
2003-10-30T03:06:00, 45.658, -238.584, -269.931
2003-10-30T03:07:00, -0.971, -242.685, -291.080
2003-10-30T03:08:00, 56.188, -207.319, -319.227
2003-10-30T03:09:00, 108.595, -236.538, -319.376
2003-10-30T03:10:00, 64.153, -174.189, -410.525
2003-10-30T03:11:00, 81.592, -191.266, -451.676
2003-10-30T03:12:00, 52.215, -121.106, -460.828
2003-10-30T03:13:00, 130.680, -94.593, -436.985
2003-10-30T03:14:00, 166.736, -152.194, -422.139
2003-10-30T03:15:00, 193.449, -176.406, -388.293
2003-10-30T03:16:00, 191.734, -138.097, -342.448
2003-10-30T03:17:00, 163.744, -119.779, -333.602
2003-10-30T03:18:00, 171.254, -128.457, -328.757
2003-10-30T03:19:00, 202.456, -135.207, -306.912
2003-10-30T03:20:00, 216.409, -130.190, -301.067
2003-10-30T03:21:00, 193.065, -126.981, -307.227
2003-10-30T03:22:00, 210.090, -115.594, -287.381
2003-10-30T03:23:00, 190.356, -120.873, -268.534
2003-10-30T03:24:00, 236.097, -104.954, -248.687
2003-10-30T03:25:00, 223.854, -103.165, -230.839
2003-10-30T03:26:00, 217.475, -69.664, -232.990
2003-10-30T03:27:00, 251.132, -48.861, -211.140
2003-10-30T03:28:00, 230.639, -23.470, -207.293
2003-10-30T03:29:00, 217.917, -9.987, -192.440
2003-10-30T03:30:00, 222.172, 10.702, -171.585
2003-10-30T03:31:00, 212.058, 19.165, -179.735
2003-10-30T03:32:00, 198.431, 29.792, -190.881
2003-10-30T03:33:00, 221.257, 13.119, -186.029
2003-10-30T03:34:00, 215.255, 21.329, -196.178
2003-10-30T03:35:00, 260.822, 49.900, -182.328
2003-10-30T03:36:00, 263.345, 58.554, -186.482
2003-10-30T03:37:00, 255.995, 72.439, -172.633
2003-10-30T03:38:00, 240.668, 90.952, -158.783
2003-10-30T03:39:00, 211.227, 58.341, -148.934
2003-10-30T03:40:00, 147.843, 54.331, -149.085
2003-10-30T03:41:00, 112.498, 36.183, -177.236
2003-10-30T03:42:00, 128.351, 20.681, -170.386
2003-10-30T03:43:00, 126.369, 34.965, -138.539
2003-10-30T03:44:00, 112.517, 61.408, -124.688
2003-10-30T03:45:00, 76.690, 54.956, -133.835
2003-10-30T03:46:00, 68.371, 49.222, -123.982
2003-10-30T03:47:00, 79.819, 76.034, -114.127
2003-10-30T03:48:00, 79.668, 96.036, -115.270
2003-10-30T03:49:00, 79.397, 59.425, -130.412
2003-10-30T03:50:00, 79.806, 41.483, -135.552
2003-10-30T03:51:00, 55.199, 47.214, -147.694
2003-10-30T03:52:00, 51.918, 44.081, -137.830
2003-10-30T03:53:00, 85.841, 49.081, -102.963
2003-10-30T03:54:00, 69.344, 63.782, -112.094
2003-10-30T03:55:00, 88.628, 75.525, -116.225
2003-10-30T03:56:00, 82.970, 84.690, -106.350
2003-10-30T03:57:00, 41.254, 72.771, -105.472
2003-10-30T03:58:00, 9.215, 91.354, -103.594
2003-10-30T03:59:00, -0.542, 100.772, -101.709
2003-10-30T04:00:00, -4.043, 93.519, -91.820
2003-10-30T04:01:00, -15.167, 88.684, -72.930
2003-10-30T04:02:00, -20.616, 85.197, -58.039
2003-10-30T04:03:00, -25.576, 70.016, -50.147
2003-10-30T04:04:00, -38.903, 64.833, -51.254
2003-10-30T04:05:00, -54.227, 66.578, -55.360
2003-10-30T04:06:00, -55.602, 65.999, -62.468
2003-10-30T04:07:00, -46.789, 61.138, -70.572
2003-10-30T04:08:00, -51.969, 61.766, -82.674
2003-10-30T04:09:00, -67.328, 66.673, -95.774
2003-10-30T04:10:00, -81.686, 68.115, -102.873
2003-10-30T04:11:00, -78.928, 67.277, -98.969
2003-10-30T04:12:00, -70.797, 66.833, -85.064
2003-10-30T04:13:00, -62.225, 57.858, -68.158
2003-10-30T04:14:00, -50.530, 52.088, -53.247
2003-10-30T04:15:00, -38.620, 53.595, -40.334
2003-10-30T04:16:00, -42.471, 51.708, -29.417
2003-10-30T04:17:00, -52.082, 54.797, -25.498
2003-10-30T04:18:00, -55.411, 61.141, -28.575
2003-10-30T04:19:00, -64.573, 55.696, -31.649
2003-10-30T04:20:00, -68.707, 52.854, -23.723
2003-10-30T04:21:00, -64.397, 56.777, -14.792
2003-10-30T04:22:00, -71.637, 50.725, -16.854
2003-10-30T04:23:00, -88.311, 41.372, -18.913
2003-10-30T04:24:00, -97.143, 36.876, -21.967
2003-10-30T04:25:00, -113.294, 35.751, -24.016
2003-10-30T04:26:00, -136.411, 35.789, -23.062
2003-10-30T04:27:00, -164.335, 40.499, -21.102
2003-10-30T04:28:00, -196.278, 39.141, -24.138
2003-10-30T04:29:00, -209.009, 22.249, -30.168
2003-10-30T04:30:00, -234.428, 8.331, -39.193
2003-10-30T04:31:00, -263.909, -8.491, -59.214
2003-10-30T04:32:00, -254.279, -17.786, -53.231
2003-10-30T04:33:00, -266.311, -16.013, -49.246
2003-10-30T04:34:00, -278.895, -19.309, -54.257
2003-10-30T04:35:00, -281.267, -6.960, -60.264
2003-10-30T04:36:00, -286.540, 9.459, -56.268
2003-10-30T04:37:00, -287.578, -3.791, -48.269
2003-10-30T04:38:00, -307.701, -30.920, -66.266
2003-10-30T04:39:00, -312.656, -13.551, -78.259
2003-10-30T04:40:00, -303.728, -15.273, -90.249
2003-10-30T04:41:00, -310.045, -12.158, -85.235
2003-10-30T04:42:00, -330.866, -11.786, -80.217
2003-10-30T04:43:00, -375.371, -13.340, -76.194
2003-10-30T04:44:00, -419.478, -20.267, -55.169
2003-10-30T04:45:00, -420.452, -13.599, -50.143
2003-10-30T04:46:00, -448.851, 9.113, -56.109
2003-10-30T04:47:00, -484.574, -7.814, -71.071
2003-10-30T04:48:00, -488.581, -30.606, -78.028
2003-10-30T04:49:00, -474.191, -35.103, -73.982
2003-10-30T04:50:00, -453.122, -41.717, -71.931
2003-10-30T04:51:00, -409.309, -46.101, -85.874
2003-10-30T04:52:00, -386.951, -32.142, -111.815
2003-10-30T04:53:00, -346.947, -78.333, -104.751
2003-10-30T04:54:00, -333.787, -83.485, -102.682
2003-10-30T04:55:00, -336.386, -92.032, -93.608
2003-10-30T04:56:00, -332.052, -98.581, -66.530
2003-10-30T04:57:00, -340.104, -101.201, -48.447
2003-10-30T04:58:00, -332.083, -99.474, -48.357
2003-10-30T04:59:00, -302.624, -93.010, -59.264
2003-10-30T05:00:00, -244.866, -96.570, -64.167
2003-10-30T05:01:00, -194.380, -99.921, -60.064
2003-10-30T05:02:00, -134.914, -111.366, -51.956
2003-10-30T05:03:00, -112.264, -70.217, -68.843
2003-10-30T05:04:00, -108.507, -12.582, -94.725
2003-10-30T05:05:00, -99.117, 49.560, -145.602
2003-10-30T05:06:00, -140.171, 101.478, -190.470
2003-10-30T05:07:00, -153.466, 115.216, -192.337
2003-10-30T05:08:00, -190.618, 73.575, -187.199
2003-10-30T05:09:00, -183.102, 27.209, -173.057
2003-10-30T05:10:00, -235.422, 7.167, -143.915
2003-10-30T05:11:00, -282.412, -9.319, -145.764
2003-10-30T05:12:00, -254.485, -1.310, -140.609
2003-10-30T05:13:00, -227.779, 25.972, -141.444
2003-10-30T05:14:00, -252.689, 36.054, -162.281
2003-10-30T05:15:00, -288.828, 14.028, -165.113
2003-10-30T05:16:00, -330.426, -2.067, -151.942
2003-10-30T05:17:00, -343.865, -18.703, -127.767
2003-10-30T05:18:00, -343.048, -36.714, -115.588
2003-10-30T05:19:00, -362.804, -53.444, -118.405
2003-10-30T05:20:00, -351.981, -63.087, -127.219
2003-10-30T05:21:00, -300.393, -69.923, -128.024
2003-10-30T05:22:00, -259.247, -76.596, -126.831
2003-10-30T05:23:00, -228.280, -78.990, -127.635
2003-10-30T05:24:00, -215.981, -80.710, -118.435
2003-10-30T05:25:00, -211.350, -76.850, -101.233
2003-10-30T05:26:00, -179.864, -71.018, -80.027
2003-10-30T05:27:00, -139.330, -56.515, -51.819
2003-10-30T05:28:00, -144.565, -47.427, -39.602
2003-10-30T05:29:00, -148.017, -52.544, -40.388
2003-10-30T05:30:00, -134.238, -46.342, -34.172
2003-10-30T05:31:00, -135.359, -37.512, -29.951
2003-10-30T05:32:00, -159.117, -37.237, -28.725
2003-10-30T05:33:00, -175.641, -34.011, -34.493
2003-10-30T05:34:00, -165.864, -33.881, -46.255
2003-10-30T05:35:00, -154.825, -33.102, -57.013
2003-10-30T05:36:00, -128.056, -25.769, -64.762
2003-10-30T05:37:00, -97.314, -9.207, -57.510
2003-10-30T05:38:00, -115.719, -5.381, -53.254
2003-10-30T05:39:00, -180.016, -20.570, -53.993
2003-10-30T05:40:00, -226.851, -40.249, -55.730
2003-10-30T05:41:00, -239.900, -55.957, -52.462
2003-10-30T05:42:00, -235.715, -60.345, -48.192
2003-10-30T05:43:00, -195.411, -46.814, -44.910
2003-10-30T05:44:00, -160.879, -28.307, -55.634
2003-10-30T05:45:00, -169.384, -29.721, -72.356
2003-10-30T05:46:00, -164.284, -31.253, -56.076
2003-10-30T05:47:00, -139.306, -29.650, -31.793
2003-10-30T05:48:00, -137.715, -29.022, -38.510
2003-10-30T05:49:00, -130.147, -26.094, -37.225
2003-10-30T05:50:00, -131.973, -29.629, -38.939
2003-10-30T05:51:00, -119.628, -28.215, -38.644
2003-10-30T05:52:00, -118.477, -19.058, -42.357
2003-10-30T05:53:00, -141.438, -26.383, -58.070
2003-10-30T05:54:00, -134.660, -12.718, -44.783
2003-10-30T05:55:00, -133.419, -9.888, -29.496
2003-10-30T05:56:00, -134.900, -15.636, -23.210
2003-10-30T05:57:00, -127.035, -11.762, -14.925
2003-10-30T05:58:00, -117.860, -10.400, -8.633
2003-10-30T05:59:00, -110.861, -12.548, -2.351
